Name,Bat Speed (mph),Attack Angle (deg),Time to Contact (sec),Swing Length,Swing Acceleration
Gibb,79,18.8,0.13,7.531534174,27.70174378
Nelson,77.6,10.4,0.14,7.967145791,25.26719632
Siens,69.8,17.2,0.13,6.654444119,24.47571793
Brown,68.6,17.4,0.13,6.540041068,24.05493194
Evenson,72.1,22.4,0.14,7.402464066,23.47635122
Leupold,71.6,13,0.14,7.351129363,23.31354712
Gavin,70.7,16.2,0.14,7.258726899,23.02049974
Deets,64.6,0,0.13,6.158697565,22.65231201
Becker,74,10.2,0.15,8.140217072,22.48867301
Johnson,63.7,20.8,0.13,6.072895277,22.33672252
Gearen,66.6,11,0.14,6.837782341,21.68550612
Zanetti,70,22,0.15,7.700205339,21.27306907
Moeller,69.6,19.2,0.15,7.656204165,21.15150867
Lundeen,68.4,12.5,0.15,7.524200645,20.78682749
Maurer,71.9,17.3,0.16,8.43649164,20.48482588
Kopesky,67.3,7.2,0.15,7.403197419,20.4525364
Glovich,70.2,12,0.16,8.237019654,20.00048369
Hebel,61.2,10.3,0.14,6.283367556,19.92722184
Kimmes,64.9,17.8,0.15,7.139190378,19.72317403
Schmitz,68.8,15.8,0.16,8.072748607,19.60161364
Esposito,68.7,14.6,0.16,8.06101496,19.57312292
Knowles,68.3,7.5,0.16,8.014080375,19.45916005
Kohls,63.6,12.1,0.15,6.996186565,19.32810275
Schutter,67.6,27.5,0.16,7.931944852,19.25972503
Gupton,63.3,11.2,0.15,6.963185685,19.23693246
Anderson,66.6,12.4,0.16,7.81460839,18.97481786
Goldberg,62.3,16.8,0.15,6.853182752,18.93303147
Siegle,65.6,15.8,0.16,7.697271927,18.68991068
Burns,65.5,8.9,0.16,7.685538281,18.66141996
O'Brien,65.5,21.2,0.16,7.685538281,18.66141996
Sullivan,64.2,27,0.16,7.53300088,18.29104064
Swannsson,63.7,20,0.16,7.474332649,18.14858705
Simon,66,22.4,0.17,8.228219419,17.69776334
Hasz,65.5,12.2,0.17,8.165884424,17.56368938
Schneider,65,15.4,0.17,8.103549428,17.42961541
Zanetti,61.1,20.8,0.16,7.169257847,17.40782839
Wallen,58.1,18.4,0.16,6.81724846,16.55310687
Dahl,54.3,10.4,0.16,6.371369903,15.4704596